cell_id,x,y,z,cell_type,volume,activation_level,miR_455_3p_level,miR_148a_5p_level,alpha_SMA_production,collagen_I_production,exosome_uptake_rate,last_exosome_uptake,miR_455_3p_effect,miR_148a_5p_effect,synergy_factor,cell_cycle_phase,stress_level,metabolic_activity,receptor_density,endosome_count,lysosome_count,mitochondria_activity,ER_stress,autophagy_level,senescence_markers,surface_receptor_count,internalized_receptor_count,vesicle_count,secretory_vesicle_count,actin_polymerization,stress_fiber_density,cell_stiffness,migration_speed,protrusion_activity,TGF_pathway_activity,PDGF_pathway_activity,apoptosis_pathway_activity,proliferation_signal
0,-16.188933719674406,-65.52923179560695,-161.14412977608856,0,4592.43087387536,0.11444718786293764,0.2909446211286223,0.16625406921635563,-0.19063759394341043,-0.007860951915702998,0.45045385445022196,2160,0.7442092956508549,0.6244188857119741,1.6234891028511327,0.0,0.11554260911130279,0.6199070715989581,90.32102005974158,7.909446211286223,23,0.5375443393616556,-0.01984985458591134,0.03466278273339084,0.0,76.30558151612308,14.015438543618501,11,6,0.18625983285558662,0.0,0.5,0.22667884231532842,0.34001826347299263,0.048596219648889015,0.4253303942213699,0.03405107390896361,0.7088839903689499
1,-89.32595352725308,128.77496726177205,-144.53568554479273,0,4367.7967835387,0.12212279886653994,0.4375355687607332,0.2500203250061333,-0.4999080956026833,-0.19942178987803338,0.573067369117225,2160,0.8139657990808943,0.7143023051639994,1.8571859934263986,0.0,0.21664174478634318,0.5041280229152988,98.84581848430415,9.375355687607332,17,0.2918220160181683,-0.06993298854807166,0.06499252343590295,0.0,69.23625133264815,29.609567151656,13,7,0.126067695913781,0.07525202320968472,0.6128780348145271,0.18318155162247807,0.2747723274337171,0.24793998266978456,0.38490155505584017,0.05865787210243198,0.6415025917597337
2,253.75020421085185,-172.24238837582078,-156.94899241432702,0,3328.6793972208416,0.12215660124078755,0.23372640081892226,0.13355794332509843,-0.04033656319530764,0.0914924148648358,0.48048321666978966,2160,0.7003533440728313,0.5718407236494367,1.4867858814885355,1.4934481490789204,0.7479591593748706,0.2950960529531324,84.53339032817489,5.337264008189223,15,0.25145168347570107,0.005115585166952816,0.22438774781246115,0.0,64.98178957479067,19.551600753384225,12,7,0.23265872463736498,0.0,0.5,0.10722404192075514,0.16083606288113272,0.03653097871516308,0.3078766614597905,0.23124719886914857,0.5131277690996509
3,97.88166486095784,-33.86439087122129,-151.4899115966441,0,4132.181012176294,0.12020747200805412,0.45680359445359314,0.26103062540205324,-0.5214377194002184,-0.215864070690367,0.5042952639431014,2160,0.8204034582461114,0.7230151877319623,1.879839488103102,0.0,0.20783780581555528,0.5631291871138173,91.71611262964217,8.568035944535932,13,0.3606157023412135,-0.07373017900905854,0.06235134174466658,0.0,77.8013642742808,13.914748355361372,19,9,0.1892557896401595,0.0,0.5,0.2049439740464562,0.3074159610696843,0.08894177545997035,0.4096455352049818,0.05580179118254293,0.6827425586749697
4,93.17264774495834,-112.16652444124122,-151.42333760971593,0,4480.235930192756,0.12127218625747584,0.4145828771327325,0.23690450121870432,-0.4588713483093426,-0.17317754766597301,0.5165873253834093,2160,0.8056678439103876,0.7031799823443613,1.8282679540953395,0.0,0.2616526542678118,0.5054198636635208,98.98528490710547,8.145828771327325,15,0.4492157967766433,-0.06320488959753157,0.07849579628034355,0.0,87.6752639885259,11.310020918579575,13,6,0.25593169923310566,0.43679623229897513,1.1551943484484628,0.18377993391207917,0.27566990086811877,0.06801878579988878,0.388750547895237,0.07160722134003993,0.647917579825395
5,-221.51026557423884,2.7094012194147297,-167.85481374939496,0,4702.7969774007115,0.12425082682354775,0.38392069176475013,0.21938325243700008,-0.41437802899578424,-0.14086927739231944,0.5045665124883411,2160,0.7933545688337432,0.6868965443962173,1.785931015430165,1.2861728373530497,0.39333342339926064,0.4025854997527007,115.26898566329554,10.839206917647502,14,0.34510550946377117,-0.055524730638810374,0.11800002701977819,0.0,86.00208773938616,29.266897923909386,10,10,0.20753782258726441,0.024841575484092188,0.5372623632261383,0.146027725537647,0.21904158830647052,0.21071526900993004,0.347576883598569,0.10933187602103428,0.579294805997615
6,-68.17009223792365,-104.7946493345563,-124.49262320181288,0,4654.34423474775,0.11613019677066341,0.2858169302853027,0.16332396016303014,-0.18083501304721464,-0.00012354629571201004,0.6527786501643615,2160,0.7408097153070697,0.6202396472463515,1.612623082840514,0.0,0.1940531561185895,0.5543104415212916,99.25478166938495,8.858169302853026,16,0.16806767672494366,-0.018095855934292665,0.05821594683557685,0.0,76.87435921116627,22.380422458218696,14,6,0.2947797544621964,0.03861268317093148,0.5579190247563972,0.2024125224147464,0.3036187836221196,0.06935289909258392,0.4051060818972208,0.05740918939379188,0.6751768031620347
7,83.21293615483657,220.54295471007353,-144.74674184188504,0,3964.7655689186417,0.11854045517199091,0.227080071164746,0.12976004066556912,-0.018442288977474297,0.10118035650747736,0.5202689872002013,2160,0.6942644666674561,0.5647633082309704,1.468384601400523,0.0,0.2780301975921422,0.41464615806430827,77.09922646434197,9.27080071164746,15,0.2107508589800594,0.008273806753000306,0.08340905927764265,0.0,68.56609278569806,8.533133678643903,11,8,0.20636913205520044,0.14394854501396107,0.7159228175209416,0.1511127599320452,0.2266691398980678,0.07366550851776212,0.3457509304011267,0.08650793764172042,0.5762515506685445
8,-119.25416268508256,102.58879558871821,-180.0,0,3978.8886842542634,0.11480692985695927,0.21000146630135158,0.12000083788648665,0.036087009440162805,0.1299851928557051,0.45705098518250864,2160,0.6774208806393506,0.5454562766183791,1.418186319207786,0.0,0.2871768089240428,0.47544713979621833,106.54999831644018,9.100014663013516,14,0.4089589334780883,0.01660722022958679,0.08615304267721284,0.0,85.4345260291156,21.11547228732458,11,10,0.26762664554968374,0.12106242303824957,0.6815936345573743,0.17380346798970445,0.26070520198455666,-0.05737050716265374,0.376632210488334,0.09091111050291444,0.62772035081389
9,-116.22627155582789,84.3351180685815,-145.07203690066038,0,4800.838286927698,0.11900320057104517,0.3351212160101217,0.19149783772006956,-0.3003718534287153,-0.0726497005950261,0.3882421327562539,2160,0.7701789838772793,0.6569442820497635,1.7080551333293852,0.0,0.3382661347179583,0.49822528596129734,103.82925109208853,7.351212160101217,13,0.6190563722421538,-0.03730215540237414,0.10147984041538749,0.0,87.72662647253786,16.10262461955067,13,7,0.2320945565567206,0.12460071998976542,0.6869010799846481,0.18150299329407338,0.27225448994111007,0.20574312626084842,0.39127679455943976,0.09672094671929768,0.6521279909323996
10,80.63107067658498,-310.17944572082195,-141.87668709238756,0,4671.073963658331,0.12651338211123062,0.3266065752880626,0.18663232873603577,-0.2996665323709546,-0.0647066924494817,0.4772121609540429,2160,0.7655919861702183,0.6511210007574143,1.6929146019692773,0.0,0.7185363315235855,0.2936306539510487,92.0337324583896,12.266065752880625,15,0.20222480666926343,-0.03643732248204363,0.21556089945707566,0.06483906609903259,80.97869797461401,11.055034483775591,15,8,0.28174632256411886,0.17773138410862507,0.7665970761629376,0.10630779944355563,0.15946169916533345,0.23281418629264253,0.3044361082074976,0.20657420289447243,0.5073935136791627
11,252.58913655231382,34.5003472835981,-132.2775973972654,0,4434.812408214547,0.12486722209576069,0.37460040977022924,0.2140573770115596,-0.39830902628924786,-0.1297730266912356,0.5222011757117595,2160,0.7892964313949634,0.681586845844671,1.7721257991961445,0.0,0.6515872199663408,0.35287004786121995,97.56818122543302,7.746004097702293,14,0.3683987786014934,-0.05280820529804835,0.19547616598990225,0.0,78.02130142356569,19.54687980186733,13,6,0.32096978348221633,0.2313502076286079,0.8470253114429118,0.1279294483533194,0.1918941725299791,0.179759722028637,0.3390450149509919,0.18203229815643732,0.5650750249183198
12,15.659945469080776,-56.110087300731244,-167.94870249480397,0,4671.765250304559,0.11738302746767096,0.40376365273992065,0.23072208727995466,-0.42613177179251777,-0.1557629361563282,0.6876117495489167,2160,0.8014942136930485,0.6976313229562122,1.8138414396861517,1.6472136136821893,0.10244853639753525,0.6305508846003368,82.39219670768902,6.037636527399206,18,0.5763575539896346,-0.05818947079488459,0.03073456091926057,0.0,65.27322855646732,17.118968151221708,16,8,0.17339701062151971,0.12948966718637742,0.694234500779566,0.23001556229809308,0.34502334344713964,0.10989370739885744,0.428375611093674,0.028186785632884667,0.71395935182279
13,47.75120097855239,-193.0489911342159,-142.44369312129132,0,3564.30473445765,0.12350067865282746,0.41439331910058974,0.23679618234319413,-0.4669766394467732,-0.1761443196468214,0.4340791752244882,2160,0.8055962309641799,0.7030845204233925,1.8280197531008207,0.0,0.3525954633127791,0.44029378325814167,111.1943307703975,7.143933191005898,16,0.16402432179537157,-0.06431209590935946,0.10577863899383372,0.0,89.10025385015894,22.09407692023856,16,6,0.23976369910431755,0.12595417715557009,0.6889312657333551,0.15980453899155628,0.23970680848733442,0.20605160294159636,0.36451099597825337,0.09650463337740364,0.6075183266304223
14,-112.75908635688671,-274.0928372615193,-120.0,0,4814.572956196006,0.12186817088711337,0.24875046989929225,0.14214312565673842,-0.08639932729099964,0.06340567679896292,0.38874893767368507,2160,0.7132620350909441,0.5870211069226893,1.5262548779989922,0.0,0.5203270542506269,0.3411000262386646,105.12425993269653,8.487504698992922,13,0.38692780184431275,-0.002299365049203672,0.15609811627518805,0.0,82.14347280350741,22.980787129189128,12,10,0.2477660171923909,0.3191311250731881,0.9786966876097821,0.12396923960929011,0.18595385941393516,0.010044356559476955,0.3212915738243652,0.15867765257895794,0.535485956373942
15,94.17850299308203,-56.83103846733333,-147.83165568597823,0,4588.6520418244145,0.11549635975324124,0.2760431768869523,0.15773895822111564,-0.15529844897885448,0.015102342595478982,0.5274799294134925,2160,0.7340730901492665,0.6120105369782342,1.591227396143409,0.0,0.14730440244715023,0.5682006201743198,114.58716310698571,5.760431768869523,17,0.5235532906358246,-0.014019610638337548,0.04419132073414507,0.0,75.87824794893294,38.708915158052775,10,8,0.3024889575764457,0.17209526056626845,0.7581428908494027,0.20759271709782753,0.3113890756467413,0.07797136666118051,0.40728932343144386,0.04390959457288876,0.6788155390524064
16,-165.10834092624984,246.3978003686053,-129.99508549626717,0,4735.891915995466,0.12450937562329045,0.3057433625466441,0.17471049288379667,-0.245047768534789,-0.032138873541759386,0.5834208198569151,2160,0.7535387902038593,0.6359804135974512,1.653549075353373,2.15503927203476,0.6048173088359451,0.3273908785851054,93.16384163204545,7.057433625466441,13,0.19562403035063064,-0.027718664207654835,0.18144519265078352,0.0,70.94865188386854,22.215189748176908,15,6,0.2774009331261216,0.13627617984436963,0.7044142697665544,0.11872738127082458,0.17809107190623685,0.05001072608128427,0.3189332043271265,0.1763478646051265,0.5315553405452109
17,-165.24035458071188,-194.7020336406383,-143.19551978519672,0,3729.013393295292,0.12508226581042736,0.3745996253616426,0.21405692877808147,-0.3989934349851664,-0.12999551173756654,0.5247696104830119,2160,0.7892960831484002,0.6815863913938296,1.772124617623957,2.7666780700919738,0.6077882024333551,0.35439731066220126,121.99895743211849,9.745996253616426,15,0.3398186963831999,-0.05289889467227329,0.1823364607300065,0.0,95.9071878584497,26.091769573668778,20,9,0.2610313622965047,0.06189823443650693,0.5928473516547604,0.12846027868045548,0.1926904180206832,0.07038496557783838,0.33637342038276274,0.16979634893776546,0.5606223673046046
18,42.88136712781314,-169.34592666324534,-130.10918491891698,0,4814.31373997861,0.11522748384782507,0.21896503221888583,0.12512287555364907,0.00735254266225177,0.11340107698336266,0.48682008335621396,2160,0.6864860097536453,0.5557981402197886,1.4450751645714504,0.0,0.2669844792335201,0.48357631303151477,110.72369076513618,5.189650322188858,13,0.43441537254806345,0.012075361964561443,0.08009534377005602,0.0,105.18321142015307,5.5404793449831065,7,8,0.2257015300086327,0.12166712728755644,0.6825006909313347,0.176714140672897,0.2650712110093455,0.1626469670843733,0.3792535172598071,0.08374165159065304,0.6320891954330119
19,326.3470928472625,118.27499461388848,-180.0,0,5013.257098152802,0.12906683138865577,0.3479549937423696,0.1988314249956398,-0.354941202354731,-0.09747204135924648,0.6286734270247113,2160,0.7767632878370979,0.6653631725597163,1.7299442486552625,2.703693230342479,0.7098548899900627,0.26702208465128613,74.86016135589854,9.479549937423696,14,0.41213133683265557,-0.045241324371397745,0.2129564669970188,0.0,49.84464392801695,25.01551742788159,15,6,0.23372339118938304,0.2799631945917227,0.919944791887584,0.09646972554749399,0.14470458832124097,0.1254961948626126,0.2826762381730224,0.2013723670105205,0.471127063621704
20,239.86013135918918,116.59922683944687,-164.52929897408262,0,4404.277789156696,0.1231689864927861,0.2892954552625983,0.16531168872148475,-0.20089246271419456,-0.005795246844813892,0.5825478494607564,2160,0.7431256937419286,0.6230848309703512,1.620020560522913,0.0,0.4464791783870312,0.3581323107234705,106.40104611762976,6.892954552625984,14,0.24627629025041764,-0.020668770955900844,0.13394375351610935,0.0,76.83253840364118,29.568507713988588,14,7,0.24052339435622463,0.19321935832840464,0.7898290374926069,0.1300196861667494,0.19502952925012407,-0.036283628784510635,0.3259649902292554,0.1317419063069276,0.5432749837154257
21,251.01197704805747,130.5557621101236,-154.863605828861,0,4970.699325346872,0.12524453837076413,0.33155696599418555,0.18946112342524893,-0.3080458834708956,-0.07130568193082443,0.38193496116813846,2160,0.7682808809038032,0.654530463999169,1.7017792063978396,0.0,0.6069178339095844,0.329155457128066,105.84462242168213,5.315569659941856,13,0.19939999488832202,-0.037935156540172,0.18207535017287532,0.0,77.85199968193074,27.9926227397514,17,5,0.19692191103858436,0.18772311775073608,0.7815846766261041,0.11929470586715965,0.1789420588007395,0.2022642801856735,0.3201032088542855,0.17392948002821804,0.5335053480904759
22,148.32160117630207,-41.20406330930051,-120.0,0,5340.351938333576,0.1172189778541379,0.28331943542233473,0.16189682024133414,-0.17624739602215328,0.0037805706025476706,0.5146619028323655,2160,0.7391209765040436,0.618170240066865,1.607242624173849,0.0,0.32701396374488356,0.50093278318922,91.58800656525962,5.833194354223347,15,0.1453164269023473,-0.017246682541960563,0.09810418912346507,0.0,85.58464182610679,6.003364739152834,11,8,0.15473881751870772,0.02346162601117957,0.5351924390167694,0.18275746462996734,0.274136196944951,0.35091619986361866,0.3918004257365146,0.09692900476939657,0.6530007095608577
23,73.70863809689484,-96.69244526287233,-168.05774220447796,0,4030.8071393686246,0.12165474798309109,0.4749937196138037,0.2714249826364593,-0.5543135535109581,-0.23628493991618899,0.5099860959487685,2160,0.826085056951291,0.7307666294007011,1.899993236441823,0.0,0.16808785371269086,0.5401696294988257,95.75052328040388,9.749937196138038,15,0.4549698165871978,-0.0790598493427147,0.050426356113807254,0.0,80.75760766460601,14.992915615797864,16,8,0.284544729919724,0.07486451551322656,0.6122967732698399,0.1963535917560905,0.29453038763413575,-0.05654332633840059,0.39700349137729796,0.04479074808016197,0.66167248562883
24,18.672258240937115,-115.26570154518805,-156.30432439959293,0,4466.667413903147,0.1207406336713986,0.4485975452973064,0.2563414544556037,-0.5113872327892726,-0.2085694150529043,0.5112164300392926,2160,0.8177170115739287,0.7193702872634513,1.8703627468849735,0.0,0.09499955006506691,0.5646781772345896,101.43173326246503,8.485975452973065,15,0.3814456879157851,-0.07199566478421768,0.028499865019520072,0.0,99.20588193391903,2.2258513285459927,18,6,0.2619682639104908,0.0710336591286766,0.6065504886930149,0.20541739061192144,0.30812608591788215,-0.034523841076607456,0.4020312200030603,0.025596384762491434,0.6700520333384339
25,-147.73503026279582,57.12407792617572,-154.1055069626044,0,5010.897570239096,0.11663305863659812,0.25148814187973006,0.14370750964556003,-0.09046979482850932,0.0559522811894098,0.5776372759127104,2160,0.7154953806828073,0.589672061622407,1.5331473602182584,0.0,0.3733366911071041,0.47263928350772616,83.69449489392407,12.514881418797302,15,0.5476154551653598,-0.0034517513639099524,0.11200100733213122,0.0,64.59470112637649,19.099793767547578,17,6,0.15606887179777118,0.01867425368447033,0.5280113805267055,0.1725181038228956,0.2587771557343434,0.0700911739150657,0.38192101184781985,0.11357831141590942,0.6365350197463664
26,-126.19181891127502,-72.31674526829156,-172.40935295451231,0,5388.777101223795,0.12026334860110642,0.358915653309482,0.20509465903398974,-0.353045063752692,-0.10518971531609556,0.5317983229014296,2160,0.7820950336323299,0.6722328725234771,1.7478054685610405,0.0,0.35727352252068023,0.48025813905688713,114.11795013738478,3.58915653309482,18,0.2961453377306349,-0.045823477906878754,0.10718205675620407,0.0,110.39353530358835,3.7244148337964376,11,7,0.2645788626241548,0.2747293923746005,0.9120940885619007,0.17477602002397974,0.2621640300359696,0.059575591209712626,0.3842128949273958,0.10069783317047855,0.640354824878993
27,-60.22285872683692,-34.489631977954154,-144.57650871666922,0,4371.146091418876,0.11770369046692568,0.41481080789719804,0.2370347473698275,-0.4457432238749788,-0.16832856908383334,0.44860515172142934,2160,0.8057538838229502,0.703294687623795,1.828566187821867,0.0,0.08088755630679417,0.6337432678932899,120.93160234674308,8.14810807897198,17,0.3797680139316099,-0.06140717929588121,0.02426626689203825,0.0,103.03302115791111,17.898581188831972,16,8,0.21477038165368628,0.15055044371006462,0.725825665565097,0.23111913072543308,0.3466786960881496,0.13532198079159607,0.4281174017027239,0.022134290459509202,0.7135290028378731
28,267.1335715336208,57.460937279001826,-164.42754572341127,0,4219.520876172717,0.12401606389659546,0.30382101732089234,0.17361200989765277,-0.2393158144883948,-0.029018041874644688,0.49172484944461836,2160,0.7523655389126613,0.6345189670679807,1.6497493143767499,0.0,0.4558598178085747,0.3517389503515144,96.60758073557702,7.038210173208924,13,0.164053671340414,-0.026833385636303952,0.1367579453425724,0.0,87.85566003336288,8.751920702214143,13,8,0.2615485887805832,0.15439122018297669,0.731586830274465,0.12760919609809132,0.191413794147137,0.08829287649437939,0.32274818451313375,0.13309617117160677,0.537913640855223
29,328.14635768463125,118.92452401217099,-120.0,0,5333.399350305052,0.12794585106839565,0.34355008042585267,0.19631433167191584,-0.34207336232601826,-0.09034705561689749,0.6005424314973323,2160,0.7745463152571409,0.6625205421696523,1.722553409641096,0.0,0.606204025894848,0.2933577843396938,125.79682550221072,11.435500804258528,14,0.3322185407812346,-0.04324204179429157,0.1818612077684544,0.0,103.9504299404058,21.846395561804922,12,9,0.23010606178770632,0.0,0.5,0.10608294032041322,0.15912441048061984,-0.0008101972907327976,0.2952293461759242,0.17242865577959704,0.4920489102932071
30,-58.179410512040675,-30.662856174233195,-180.0,0,5111.659174265948,0.1158038972870772,0.32321892476660774,0.18469652843806159,-0.26699283780495153,-0.054587051495904766,0.4319891234133444,2160,0.7637156701932767,0.6487487903395495,1.6867468548828286,2.3562790179074087,0.09740264801577696,0.614813372237361,99.97194165013005,9.232189247666078,16,0.5507173666720874,-0.03215798893008563,0.029220794404733085,0.0,93.9031664482062,6.0687752019238435,11,8,0.24592148532371813,0.1421804568285623,0.7132706852428434,0.22456601351215535,0.33684902026823305,0.22760556030856316,0.42194625224870386,0.02806465720527751,0.7032437537478398
31,-118.65203495749792,-49.07394742561395,-142.66922929333117,0,5245.840648721984,0.12051955138805548,0.4235585716468434,0.24203346951248197,-0.4709227657979738,-0.18194117505590246,0.5817287973053119,2160,0.808999402520616,0.7076309516067677,1.839840474177596,0.0,0.2649106101168607,0.5286718837352608,78.34494632043682,5.235585716468434,16,0.3703195619220077,-0.06528639408538764,0.0794731830350582,0.0,70.68575110586426,7.6591952145725575,15,6,0.23885737021380646,0.0,0.5,0.19235416401632877,0.28853124602449315,0.03357581316604526,0.3993414278125591,0.072189584193385,0.6655690463542652
32,-68.56443163454583,55.201062422597076,-177.98117593611582,0,4259.026591540735,0.11532702001888041,0.28268301032527593,0.16153314875730057,-0.17181852248475257,0.004703286061970819,0.4687508069568073,2160,0.7386871188375955,0.6176392917105941,1.6058621584475445,0.0,0.0,0.6054382091227364,108.67730626694261,4.826830103252759,17,0.6326989305041104,-0.016711523642278174,0.0,0.0,81.82858089758818,26.848725369354426,11,8,0.17065954297807573,0.019702069818320178,0.5295531047274803,0.22122826830998668,0.33184240246498004,0.08148181245537928,0.41138231604463965,0.0,0.6856371934077328
33,-158.24767133457104,-250.3620441165084,-169.5002833425939,0,4309.06615952952,0.12933627930843078,0.45909142181129764,0.2623379553207415,-0.5646738797056965,-0.2346887082141437,0.4479300080741296,2160,0.8211383754091086,0.7240145600769866,1.8824378562001653,0.0,0.7216953142650454,0.30148583421901776,93.01819810871424,7.590914218112976,14,0.2894428787708209,-0.07993625879198402,0.2165085942795136,0.12103964689910837,78.97657960878611,14.041618499928138,17,10,0.2382945531131929,0.1451576193557883,0.7177364290336825,0.10889641686898127,0.1633446253034719,0.09677267415276283,0.31025259569097047,0.19357821212804346,0.5170876594849508
34,-52.82287806194256,50.84814948329282,-180.0,0,3996.2003829454693,0.1175877078876245,0.37459992481747306,0.2140570998956989,-0.3750874897617024,-0.12220692823055958,0.4938784795615128,2160,0.7892962160951478,0.6815865648851407,1.7721250687013659,2.17505594849929,0.161650112885953,0.5931258971287251,121.44259162263094,6.745999248174731,18,0.4372694402956939,-0.0497294417992262,0.048495033865785894,0.0,105.73406855771775,15.708523064913198,11,8,0.27869221317853393,0.008099535799560492,0.5121493036993408,0.2163270644318427,0.3244905966477641,0.1583478928443775,0.418206706829481,0.04515980130485628,0.697011178049135
35,-26.505667390767258,-85.64446670008611,-144.05126109698864,0,4222.297270828817,0.11653741691064903,0.3333386436370529,0.19047922493545885,-0.2903995182152556,-0.06875200701565735,0.34812284026579515,2160,0.7692335971685093,0.6557413012162269,1.7049273831621898,1.168434910953432,0.10663240306414644,0.6029321720233206,72.72001110468264,8.333386436370528,15,0.44428240935676955,-0.0359151525230913,0.03198972091924393,0.0,58.78459912906605,13.935411975616582,10,11,0.25659947742938394,0.06287001392858903,0.5943050208928835,0.2200936214393508,0.3301404321590262,0.09555335470652358,0.41821060484944184,0.03052392687394538,0.6970176747490697
36,3.898541599085974,223.27688890078454,-170.71579801511373,0,3816.4218986778005,0.1225165358837703,0.3204664056485777,0.18312366037061584,-0.2761219713963782,-0.0537247465441436,0.32527491070348985,2160,0.7621688709095604,0.6467974457906571,1.6816733590557085,0.0,0.4702425704817303,0.38937568443617315,102.15506630125797,8.204664056485777,15,0.31464129158643805,-0.03298467179405218,0.14107277114451908,0.0,89.21728911077791,12.937777190480062,16,6,0.23580516339615246,0.06239155863989138,0.5935873379598371,0.14143878577012167,0.2121581786551825,0.019814819594505664,0.3460500392125146,0.13573789386777224,0.576750065354191
37,-87.28461228514172,160.7534833647975,-164.68191618835255,0,3689.2387004699967,0.11848600640717463,0.26478188803104585,0.15130393601774048,-0.12916312570610616,0.03407262161900861,0.6016242866963445,2160,0.7258635823731215,0.6020754724950244,1.5653962284870633,0.0,0.4925205764732311,0.425348021932046,77.85482662261788,9.647818880310458,14,0.13783464819621644,-0.009509050408709755,0.14775617294196933,0.0,65.21272268859639,12.642103934021492,12,8,0.3196384718887786,0.11758287070067419,0.6763743060510112,0.15501987223724256,0.23252980835586384,0.10929774301789436,0.3674004117536806,0.14815469191286904,0.6123340195894676
38,44.22031346368929,-32.97900703186935,-138.30188247519547,0,3790.1114602542043,0.1133181937686416,0.28586876171434505,0.16335357812248288,-0.17658170904346568,-0.00019860473439755472,0.3534954122570465,2160,0.7408445307785008,0.6202823568491973,1.612734127807913,0.0,0.0,0.6727920694257148,102.4651910689123,5.858687617143451,12,0.628345921440791,-0.017678031377786323,0.0,0.0,82.03627440266688,20.42891666624542,14,6,0.2813742201575888,0.16042346892684786,0.7406352033902718,0.2462449531435294,0.3693674297152941,0.20718073181999475,0.43657596763852463,0.0,0.7276266127308744
39,93.88131386756612,-92.36394315176659,-134.68774651462297,0,5005.229258173398,0.11867254442655298,0.34805735013885275,0.19888991436505873,-0.32656563808811534,-0.08975665834288057,0.41052976554443543,2160,0.7768142851154879,0.6654286571949637,1.7301145087069056,0.0,0.05491911407963215,0.565141732852733,94.71153193315314,7.480573501388528,15,0.41915109884537893,-0.041632229643099594,0.016475734223889645,0.0,67.13123004336313,27.580301889790004,11,5,0.16642836175747788,0.0,0.5,0.20593665092131366,0.3089049763819705,0.17760077607761537,0.39950392788264405,0.015578551337922275,0.6658398798044067
40,311.78634462967085,149.16645018006844,-137.4239000580722,0,4815.652860460336,0.13039698191498125,0.4302615519468635,0.2458637439696363,-0.5212778913804159,-0.20463821992795386,0.5156132139967715,2160,0.8114138209099859,0.7108687980640749,1.8482588749665947,0.0,0.9310846997533868,0.255924468737244,90.90010351612226,9.302615519468635,13,0.07364398366092006,-0.07259161113083698,0.279325409926016,0.1704738518069314,71.60466116830469,19.295442347817566,13,9,0.4060757501813915,0.2011339569042016,0.8017009353563024,0.09235825399843814,0.13853738099765722,-0.11539200108772202,0.29299187190176385,0.25293624159260397,0.4883197865029397
41,137.1345141457917,227.92627852945847,-168.52350645321923,0,4581.8479687648105,0.12534248893555955,0.35099415297864334,0.20056808741636764,-0.3512317822039327,-0.09885802232991295,0.5009480400996961,2160,0.7782676353129229,0.6672966818946646,1.734971372926128,0.0,0.617543873907469,0.3360978260149446,116.81986851468369,9.509941529786433,14,0.20843426360685174,-0.04500898045338456,0.1852631621722407,0.0,96.37434172472472,20.445526789958983,18,8,0.20023560157577933,0.10729860930966388,0.6609479139644958,0.12180092899441469,0.18270139349162204,0.1888455722206679,0.32541196595412997,0.17486702868911766,0.5423532765902166
42,-71.6285720846475,-229.37407760970376,-172.23348246753946,0,3764.9912391007047,0.12122120695991857,0.26729035258541933,0.15273734433452532,-0.13912813692406248,0.03056858122739343,0.6535482685788039,2160,0.7277358381561537,0.6043323147859022,1.5712640184433457,0.0,0.5107061217510477,0.3688895281431578,97.67679086636375,4.672903525854194,17,0.3236312892639872,-0.010855955569666904,0.1532118365253143,0.0,77.87995957889825,19.796831287465498,11,7,0.19438919686589476,0.043769296801426584,0.5656539452021399,0.1341406411063466,0.2012109616595199,0.14082125830978856,0.33729996569993087,0.15330875683095604,0.5621666094998848
43,293.7144013577976,-39.554191933073895,-152.03727019522785,0,3587.9734135098424,0.12781849380106997,0.40353750677847355,0.2305928610162706,-0.4635981235169633,-0.1693364141755295,0.6164495520453619,2160,0.8014050618795433,0.6975131293138288,1.813534136215955,0.0,0.5609540783355954,0.32555698438369457,71.45273552886871,8.035375067784734,18,0.1906522253794454,-0.06329345376924927,0.16828622350067862,0.0,61.40247381245829,10.050261716410423,16,12,0.23157638777995232,0.04495536273803798,0.567433044107057,0.11773913273637515,0.17660869910456273,0.08608680576376265,0.31409054633374595,0.15435339830159736,0.5234842438895766
44,-74.52472052099627,162.8621248112641,-170.5992218088464,0,3947.228585999554,0.12063231692321377,0.3226400225804333,0.18436572718881905,-0.27681553948002524,-0.05603188760721312,0.5025783350303487,2160,0.763392024755609,0.6483401815381221,1.6856844719991175,0.0,0.21231536564562747,0.4685453614505601,118.13939586100794,9.226400225804333,14,0.36882995186501916,-0.033284742708723836,0.06369460969368824,0.0,97.97464172380145,20.164754137206483,13,7,0.3003611566873073,0.0,0.5,0.17046163081960233,0.2556924462294035,0.1920319542275065,0.36795902280507803,0.06119781688686944,0.6132650380084634
45,-178.6808068592684,123.49777367316324,-179.61792671222298,0,4696.773341287005,0.12211273077052553,0.31202173097055874,0.17829813198317643,-0.25542383669557167,-0.041030680500153356,0.6147951050546134,2160,0.7572943549253096,0.6406731181147663,1.6657501070983927,0.0,0.35332370051461565,0.40725838770081174,103.16099276538282,10.120217309705588,14,0.4010108246458144,-0.029645451719572502,0.10599711015438469,0.0,84.53183467721954,18.629158088163287,11,7,0.2414414466776681,0.2220111208964713,0.833016681344707,0.14798392492492043,0.22197588738738067,0.2314647549980942,0.3470689003114576,0.10257159414126996,0.5784481671857626
46,-96.35791210492731,-112.77476846627795,-172.33676793268708,0,4768.699092819447,0.12192613221285835,0.42208856822569374,0.24119346755753931,-0.4739779761449871,-0.1824507419040558,0.5182926858828654,2160,0.8084616172695608,0.7069111530303965,1.837968997879031,0.0,0.35676561719739025,0.47735192458454234,85.79530872104387,8.220885682256938,12,0.5472202870015122,-0.06564287180490429,0.10702968515921707,0.0,69.10417597909404,16.69113274194983,17,6,0.15005822607946528,0.08362058302819605,0.6254308745422941,0.17348026767312974,0.2602204015096946,0.20483928831883852,0.38279886372464333,0.09728787334666764,0.6379981062077389
47,205.20644720073415,-215.42065147057878,-170.41885119104333,0,4250.997796677222,0.1268994215069298,0.35497219073522646,0.20284125184870083,-0.36415217034385045,-0.10559452383005434,0.549889978507669,2160,0.7802063465936195,0.6697939947429623,1.741464386331702,0.0,0.516872237316979,0.32384706335536484,110.43359367313991,8.549721907352264,17,0.12467663825261344,-0.04697466941739048,0.15506167119509368,0.0,103.25714410324701,7.176449569892901,17,6,0.2968718266379673,0.14537747544861349,0.7180662131729203,0.11721002384319179,0.17581503576478769,0.13255221944501,0.3093853611120698,0.14601638057793614,0.5156422685201164
48,187.864938483013,193.24826553050744,-35.708382096832196,0,4044.576723923244,0.12262488493262845,0.3343370502762285,0.19104974301498773,-0.30778099952042326,-0.0737548943162928,0.6512697258708254,2160,0.7697640578062538,0.6564161199247289,1.7066819118042953,0.0,0.30026801378113077,0.4251426178150135,129.67876608708008,5.343370502762285,15,0.493070474463034,-0.0381535893836716,0.09008040413433922,0.0,115.97246800151908,13.706298085560988,12,9,0.22390931097698097,0.16855329864351148,0.7528299479652673,0.15441712774914867,0.231625691623723,0.2776718450947041,0.35355588002272087,0.08589856350137004,0.5892598000378682
49,193.09166000999573,182.80910350237787,-31.390335274153387,0,4058.9889564561854,0.11924939031513626,0.2534228532616319,0.14481305900664682,-0.0980728428325565,0.05381431272702309,0.554191545375822,2160,0.7170528190887191,0.5915250583209903,1.537965151634575,0.0,0.3674347424645372,0.4209067179767247,78.3849797200923,6.534228532616319,13,0.21051296155594604,-0.004425853010553342,0.11023042273936116,0.0,52.81293991716881,25.572039802923495,10,9,0.2476475367746233,0.0575374593965684,0.5863061890948527,0.15330482634120907,0.2299572395118136,0.2529733494306234,0.3563159788018306,0.11159482492514451,0.5938599646697177
50,207.54658617448243,191.76301796570058,-14.33843414661268,0,5314.783571281161,0.122613544713347,0.3277595253062113,0.18729115731783505,-0.293041780128938,-0.06437382502014057,0.5597347685969887,2160,0.7662237914435334,0.6519210652579595,1.6949947696706946,0.0,0.46832338779936555,0.39832898474739503,99.78062702148974,7.277595253062113,15,0.4078390178889796,-0.03574156051490786,0.14049701633980965,0.0,96.27890800020236,3.501719021287368,11,8,0.29298940248178895,0.018854819282133062,0.5282822289231996,0.14467943526437396,0.21701915289656093,0.13815064261288879,0.351899218674771,0.13453913334757947,0.5864986977912849
51,195.04523527001012,174.11410454455174,-16.12253617521588,0,4200.865754434653,0.12053536894948581,0.29436183009051986,0.16820676005172566,-0.20936591385017775,-0.013641798978496761,0.39048133174375943,2160,0.7464257634237916,0.6271533201448232,1.6305986323765402,0.0,0.5646170841988514,0.4028813495676184,115.64290828272945,11.943618300905198,13,0.47102425983879914,-0.022300771282867452,0.1693851252596554,0.0,98.33203529465447,17.31087298807497,17,7,0.19359720118468166,0.0,0.5,0.14658410419314746,0.21987615628972118,0.053730503447143925,0.361952537404831,0.16597660953726945,0.6032542290080517
52,199.52382643438756,153.32250680690262,0.45460493675203395,0,4154.995780018876,0.12154917727662509,0.3461562735667004,0.19780358489525737,-0.3304877242450911,-0.08936818585233891,0.6392078391292921,2160,0.7758632884379918,0.6642082061061431,1.726941335875972,0.0,0.3172711478101309,0.4559396602281484,94.3852921547192,12.461562735667005,12,0.2159352701378777,-0.041985591009743,0.09518134434303926,0.0,74.37392809021016,20.011364064509035,13,6,0.20818635041050237,0.020199239420279333,0.530298859130419,0.16575013691470475,0.24862520537205712,0.200791302121132,0.3705455428215742,0.09010160350466519,0.6175759047026237
53,200.264773617458,185.21964900122597,-64.99925897953534,0,3848.4209515321286,0.12369088225120539,0.3473265390148217,0.19847230800846957,-0.338815852901209,-0.09255081318098445,0.5613466783064106,2160,0.7764496597491467,0.664960543015728,1.728897411840893,0.0,0.4491949188126485,0.38979305115951884,69.13028844038709,6.473265390148217,18,0.31973395811808836,-0.04313666660821935,0.13475847564379453,0.0,60.53488365362178,8.595404786765307,17,6,0.28847929051499244,0.05518524942020936,0.582777874130314,0.1414530665458145,0.21217959981872175,-0.06895065211506354,0.3453460095084528,0.1274763385553206,0.575576682514088
54,217.0935086407078,230.71967106084492,-56.43191848168796,0,3675.3141552639,0.12796545517151792,0.4464600672410246,0.25512003842344266,-0.538523226029774,-0.2187410912113942,0.497955604558482,2160,0.8170040118303952,0.7184050766497139,1.8678531992892562,0.0,0.6096910775513368,0.33602416428356224,72.34684922766289,13.464600672410246,18,0.17727157031957158,-0.07572643172411682,0.18290732326540102,0.0,57.46034262030202,14.886506607360868,15,10,0.24885567732145172,0.14765640239010153,0.7214846035851523,0.12150982017407241,0.18226473026110862,0.10798318172408983,0.3254876635717437,0.16442675553003538,0.5424794392862395
55,212.83835838128164,201.6248595287797,-63.753759076141044,0,5075.031837082319,0.12535205264126123,0.37458620490864936,0.21404925994779964,-0.3998274240965322,-0.1302586236842683,0.6070690371732442,2160,0.789290124816737,0.6815786159896644,1.7721044015731275,0.0,0.44081962737851743,0.37377488028875017,90.02310620073314,15.745862049086494,14,0.287767082986982,-0.053008604778080046,0.13224588821355523,0.0,81.47186841959667,8.551237781136459,12,7,0.19946668014789146,0.0,0.5,0.1354539175745191,0.20318087636177867,0.16991143513861726,0.33553279136105163,0.12315164215251066,0.5592213189350861
56,193.56325040248612,180.3082517986168,-37.15903945959387,0,4247.017463223427,0.12322219014548813,0.36097967988693686,0.20627410279253539,-0.3659453514518214,-0.11049865838788617,0.6302398493131643,2160,0.7830706984209657,0.6734950846701582,1.7510872201424112,0.0,0.45668124427746504,0.4071635223319071,92.53159334418952,6.609796798869368,11,0.2909282781265845,-0.047644400983970756,0.1370043732832395,0.0,80.7244585936975,11.807134750492017,11,6,0.31693800487224527,0.06429876546905125,0.5964481482035768,0.14781393464203615,0.22172090196305422,0.21009702713459938,0.3556952973993525,0.1285626810096273,0.5928254956655875
57,115.66491748520463,153.60398034256548,85.30305285315892,0,4594.279222807862,0.10880915746916013,0.16669464669042192,0.09525408382309825,0.18036120249687498,0.20739800644431297,0.4141520224768139,2160,0.6250393427803611,0.48784681968239496,1.2684017311742268,0.0,0.12000739506729481,0.5992078985218494,90.39421157192194,4.6669464669042195,16,0.6184770380164366,0.0387759208941188,0.03600221852018844,0.0,75.18742114209597,15.206790429825979,8,7,0.1599493341575541,0.0,0.5,0.22012336743263122,0.3301850511489468,0.2497515851668337,0.4190133544020222,0.03997051212910836,0.698355590670037
58,107.0478216402481,169.63291938287801,39.88143262906991,0,3750.7921317277396,0.11711293310235299,0.300685386036978,0.17182022059255886,-0.21859539880242795,-0.02275692926729409,0.5991134665850986,2160,0.7504276335379715,0.6321097827747937,1.6434854352144637,0.0,0.4817966714653688,0.5005465114506038,112.98995426410234,7.00685386036978,16,0.3332562297882926,-0.024135232806972204,0.14453900143961063,0.0,96.76895668355587,16.220997580546463,12,7,0.27864150853725267,0.004350471798657246,0.5065257076979859,0.18263246354720233,0.2739486953208035,0.17126142433370906,0.4046834743666591,0.14098304692931124,0.6744724572777652
59,87.8232932505671,108.63869338481798,46.26086908413983,0,4439.896769789104,0.11445016515699104,0.3043058522861636,0.17388905844923638,-0.22196731174009657,-0.027477997553705825,0.5419328244229085,2160,0.7526624968831245,0.6348886641686186,1.6507105268384084,0.0,0.0,0.6691254757001663,91.32194266030133,8.043058522861635,17,0.46037142778234086,-0.02494453092938024,0.0,0.0,76.85020559800647,14.47173706229486,12,10,0.28803150017884815,0.1692558687098933,0.7538838030648399,0.24467573391867628,0.36701360087801443,0.03797725453858231,0.43625860129845223,0.0,0.7270976688307538
60,81.44477955873468,137.81956431723697,67.27838913123345,0,3970.573588149665,0.11641098755064036,0.35061032658262625,0.20034875804721503,-0.3254412409378225,-0.09132310983047957,0.4706892862192217,2160,0.7780787653971719,0.6670537256415758,1.7343396866680971,0.0,0.12190903347898907,0.6300244234227093,81.68317392636408,6.506103265826263,12,0.4718210714438369,-0.04167643507683021,0.03657271004369672,0.0,67.46139787590167,14.221776050462415,12,6,0.18804398099496783,0.17521986807205253,0.7628298021080788,0.23000723977558563,0.3450108596633784,0.013605801613739948,0.4308951339881219,0.0345283109547519,0.7181585566468699
61,77.77873037667976,132.7985832383797,60.65193417293662,0,4487.393926614765,0.11475286002641111,0.3023160327599503,0.17275201871997162,-0.21797063069661365,-0.024670975426980588,0.4565425421536461,2160,0.7514391874616964,0.6333665999272851,1.6467531598109413,1.268830045588397,0.0,0.6583723910724194,95.57902131626291,6.023160327599503,16,0.5342170039575118,-0.024264160612359427,0.0,0.0,79.8594169088339,15.719604407429017,11,6,0.37924749208249076,0.03556068237657027,0.5533410235648554,0.2406839219775717,0.36102588296635757,-0.05048588255603495,0.4324665315785258,0.0,0.7207775526308764
62,77.44817705732439,119.88000018918535,71.00963803803651,0,4612.3613604747725,0.11605879972583329,0.36902187678866005,0.21086964387923435,-0.3598864548743317,-0.11391929361118956,0.5184967704084006,2160,0.7867903290893621,0.6783217597185279,1.7636365752681726,0.0,0.0,0.680174828582736,85.22602456339332,8.6902187678866,16,0.46521709908778136,-0.047380574848552126,0.0,0.0,78.90802620008661,6.31799836330671,12,10,0.16680462230668544,0.10929674033939323,0.6639451105090899,0.2483878491703834,0.3725817737555751,0.11722339151013052,0.44033001216351636,0.0,0.7338833536058607
63,84.62875546487088,161.99249558030385,15.819715743526167,0,4451.56209834734,0.12021213000280297,0.42842348132727465,0.24481341790129982,-0.4776113107221945,-0.1866990586931394,0.4789070974126187,2160,0.8107578418944902,0.709988083965386,1.8459690183100037,0.0,0.26039649393197317,0.5477447758442504,104.33767372117822,7.284234813272747,14,0.47605201737999936,-0.06643103694153338,0.07811894817959195,0.0,89.88994552893304,14.447728192245187,23,8,0.26850619160190137,0.0004304092672403337,0.5006456139008605,0.19934424047705662,0.2990163607155849,0.0689967425883669,0.4080900167092421,0.07079871087769997,0.6801500278487369
64,77.58464501058069,161.62232648280246,99.6201248717401,0,4990.942422105256,0.11643839420479277,0.3417619585829724,0.19529254776169855,-0.3076549745615266,-0.07988110689824289,0.5000258375572103,2160,0.7736337453755249,0.6613527813079112,1.7195172314005691,0.0,0.0,0.6473457569168837,108.95366463785197,9.417619585829724,14,0.46513964341314523,-0.03875360814597695,0.0,0.0,98.36910087020841,10.58456376764356,13,7,0.20261337475542676,0.14172202672376968,0.7125830400856545,0.23632553263754708,0.3544882989563206,-0.16836382776913805,0.4286711556628934,0.0,0.7144519261048223
65,62.70013786051278,134.0472037982445,101.59934538458086,0,4390.371860061937,0.11628389752093618,0.39117057009787803,0.22352604005593033,-0.4005988124384006,-0.14018744447387377,0.4228301745017791,2160,0.7964047398440984,0.690905869639698,1.796355261063215,0.0,0.11504781329319595,0.6679676793367696,85.86386460868941,11.91170570097878,19,0.675020505683046,-0.054078625691227435,0.03451434398795879,0.0,60.865437493664146,24.99842711502527,13,13,0.19429788992240382,0.14518011517772256,0.7177701727665838,0.24388490618331954,0.36582735927497934,-0.08603350111978655,0.4446066088802988,0.03185713165026579,0.741011014800498
66,-130.64637842808114,-169.17073722924442,-108.60566614470405,0,4427.526582609244,0.12139883512391808,0.33289197681201,0.19022398674972005,-0.3015315254444504,-0.0709935376029181,0.5956188160855592,2160,0.7689954876585146,0.6554385420725516,1.7041402093886342,0.0,0.43246624762383046,0.42858115389762697,118.786793773386,11.3289197681201,16,0.2924438010740155,-0.03725250630473685,0.12973987428714914,0.0,98.93186366919154,19.85493010419445,18,8,0.24753552781022425,0.0,0.5,0.1558236857072798,0.23373552856091973,0.01680938130834078,0.3647596148925886,0.12383017783809235,0.6079326914876477
67,-96.05691526005548,-109.12058186322179,-90.63671919266848,0,4875.337913608,0.11779337759409805,0.3247509022166612,0.1855719441238064,-0.274951363471054,-0.057665995372708306,0.3810069593019279,2160,0.7645678926680867,0.6498255446387753,1.6895464160608158,0.0,0.1884909688931662,0.5489651024871245,121.85058164243503,6.2475090221666125,12,0.3192482513720274,-0.03326173588437623,0.056547290667949855,0.0,96.2965720812529,25.55400956118212,13,7,0.2105092145091916,0.052000903802992576,0.5780013557044889,0.20018670491387525,0.30028005737081287,-0.15518080072214996,0.4026455313901216,0.054255426037467185,0.6710758856502027
68,-109.06905127509474,-124.37425440718913,-52.00719672368121,0,4519.639362029654,0.12162684751245921,0.48019194747834293,0.2743953985590531,-0.5615395994919467,-0.2411742145574852,0.4515215872772296,2160,0.8276432473173325,0.7329027002338355,1.9055470206079723,1.4432747570183493,0.0,0.5782172279483068,88.37119356828799,9.801919474783428,16,0.361386421337759,-0.08027138140494319,0.0,0.0,79.57976794099267,8.791425627295325,20,7,0.17617758412170462,0.08924718367810267,0.633870775517154,0.21018886959549907,0.3152833043932486,0.05387793456172413,0.40141363040996475,0.0,0.6690227173499412
69,-124.52886422855158,-137.52307205122142,-100.03583853745094,0,4542.555988751709,0.12176616462282835,0.3983050403035286,0.22760288017344493,-0.4323732405306135,-0.15523375021228758,0.5092273052990237,2160,0.7993197099931243,0.6947523784068798,1.8063561838578874,0.0,0.40333415231670544,0.46459207123442675,115.07897925411794,7.983050403035286,14,0.4297956387416556,-0.058760699074290115,0.12100024569501162,0.0,89.36240555450357,25.716573699614372,14,7,0.2585298947200307,0.11922468072124602,0.678837021081869,0.1688653501052531,0.2532980251578797,0.01671462657252404,0.3806563839700517,0.1112755312671229,0.6344273066167528
70,-106.58493440088625,-137.8515779119133,-139.988886177241,0,4700.33875774375,0.11721682740471268,0.2545284648922008,0.14544483708125763,-0.09951421142916358,0.050999931748826,0.5288528680280202,2160,0.717935201534787,0.5925764779199909,1.5406988425919763,0.0,0.30557439440999756,0.4733823022819736,113.55921511627841,4.545284648922008,19,0.37282124874332023,-0.004851427968033758,0.09167231832299927,0.0,86.1596540512059,27.399561065072497,14,11,0.3100659647648292,0.042807004389688534,0.5642105065845328,0.17270640942587995,0.25905961413881995,0.11754935828600223,0.3772482630343036,0.0927183752825054,0.6287471050571727
71,-118.7636629596325,-166.37404168236492,-85.03894733173726,0,4362.254322122366,0.11685900136611224,0.23991131768364365,0.13709218153351066,-0.057115195777815195,0.07637369903242942,0.6831988149495959,2160,0.7058056181198701,0.5782231225289646,1.503380118575308,0.0,0.3062247656056418,0.46723184123098793,124.48535458831552,8.399113176836437,13,0.40844187540250904,0.0019258503254614228,0.09186742968169255,0.0,102.8599879107042,21.62536667761131,8,8,0.22111821871435228,0.07159188254429266,0.607387823816439,0.17051266258058423,0.25576899387087637,0.1349983610186024,0.37468125116751844,0.09413217278240638,0.624468751945864
72,-113.48123084481675,-165.3404729609641,-119.59347385275915,0,4864.01643011933,0.12096379025294912,0.33149040636049826,0.18942308934885616,-0.2973705279457336,-0.068775063519542,0.44876032889067097,2160,0.7682451370275593,0.6544850646678537,1.7016611681364198,0.0,0.37646482610789744,0.4450222740077091,98.74680479111727,9.314904063604983,14,0.4616587651489857,-0.03661455914652756,0.11293944783236923,0.0,70.78601014481671,27.960794646300556,12,11,0.22060207376800114,0.017667375620289458,0.5265010634304342,0.16185943529979596,0.24278915294969394,0.29590759886441786,0.3688251925588028,0.10789123135699111,0.6147086542646714
73,-128.15335375698496,-158.46716911756215,-84.62541819559205,0,4313.913855214748,0.11853488539946352,0.277279253453632,0.15844528768778976,-0.16262018477272966,0.01349789601438721,0.29297747972587107,2160,0.734944344051269,0.6130709099219359,1.5939843657970334,0.0,0.3429927953090816,0.46236691485962217,97.92103937132718,8.77279253453632,20,0.2879699851737878,-0.014912228875834243,0.10289783859272449,0.0,74.22138669413474,23.69965267719245,17,7,0.2469984300666204,0.13587850523184053,0.7038177578477608,0.16850478316423223,0.25275717474634835,0.20678881376763142,0.37507744809585725,0.10214246964260813,0.6251290801597621
74,-109.91311499859418,-156.01703809455327,-85.82055696921744,0,3708.2770990863055,0.11824696053873035,0.2836323019000434,0.1620756010857391,-0.17859017224110632,0.003318586370236977,0.5613246037099822,2160,0.7393337330961893,0.6184307139401175,1.6079198562443056,0.0,0.31355134608801205,0.47985047856587315,80.13951230425761,8.836323019000435,12,0.338035261238219,-0.017527158587086936,0.09406540382640362,0.0,61.78401153361617,18.35550077064144,18,10,0.27254481695656757,0.1311486431190646,0.6967229646785968,0.17491793324530835,0.26237689986796253,0.2044608804513886,0.38122158742271534,0.0929163425382041,0.6353693123711922
75,-135.52472876008267,154.59199129812478,-19.30530831919974,0,5148.815189313081,0.11687012699206673,0.26307213440622573,0.15032693394641475,-0.1227767251122853,0.03644557960177729,0.46713868931980673,2160,0.7245726385376787,0.6005224111385229,1.5613582689601595,0.0,0.4085222695535339,0.47992895757303006,102.94645018775748,9.630721344062257,17,0.4187896943878981,-0.0086331145510508,0.12255668086606016,0.0,77.86445375088549,25.081996436871982,12,12,0.18090250754941825,0.08795844398848697,0.6319376659827305,0.17514477556359298,0.26271716334538947,0.12331744019144042,0.38889119652267534,0.12306150921658575,0.6481519942044589
76,-115.21936474164843,149.71302443097156,-66.06893627842194,0,4580.877440007677,0.12043584062050872,0.3636965994726503,0.2078266282700859,-0.3630504314128008,-0.11147711230791722,0.5201159563377467,2160,0.7843417439038214,0.67514181420244,1.755368716926344,0.0,0.3040097751956765,0.4927327866532125,87.1237131417647,9.636965994726502,17,0.30422062179393666,-0.047452754372071804,0.09120293255870295,0.0,79.26770463785564,7.856008503909056,15,5,0.3171483476064323,0.173541448160183,0.7603121722402745,0.17929030845272537,0.2689354626790881,0.004237650673835303,0.38662075931471007,0.08545029733758767,0.6443679321911835
77,-118.17786823097943,153.29272789821604,17.00517354515091,0,4374.6549213635035,0.11820968832962182,0.33077438775222406,0.18901393585841378,-0.28905661187807696,-0.06622563996359425,0.4593029247483427,2160,0.7678599219377946,0.6539959234042284,1.7003894008509939,0.0,0.18681303716523703,0.5486650926558547,147.62257527045364,10.30774387752224,12,0.25150686967694313,-0.03552822518416712,0.05604391114957111,0.0,112.54586006932614,35.076715201127506,13,7,0.29869651157448485,0.0,0.5,0.2000087781822844,0.30001316727342664,0.21567751219077347,0.4030149929170571,0.05356333725069518,0.6716916548617619
78,-131.2115048426645,173.11955405537594,-29.95440017426039,0,4271.414959600692,0.11852930351969161,0.28632026819116047,0.16361158182352026,-0.18584434595234917,-0.0009183634248354294,0.545769368187386,2160,0.7411474151531764,0.6206539966557808,1.61370039130503,0.0,0.32562813360327475,0.4761951755261667,117.79343170824515,10.863202681911606,13,0.40543556772667033,-0.01867627093771846,0.09768844008098242,0.0,110.17581734784666,7.617614360398484,9,8,0.2885345014818567,0.0203271773743164,0.5304907660614746,0.17354514546210054,0.2603177181931508,-0.05278203744177194,0.3807337273010327,0.09629793899178908,0.6345562121683879
79,-113.37999567502429,173.5592635111323,-71.5742329542477,0,4882.714790518861,0.12218123613150693,0.3960706092433932,0.22632606242479616,-0.4298277144587476,-0.15312921930936424,0.34369481827052395,2160,0.7984157937666979,0.6935580343876284,1.8032508894078338,0.0,0.3177610490784702,0.46860138369214327,85.92470261499557,6.960706092433933,15,0.25727619208269853,-0.05829569337681119,0.09532831472354106,0.0,62.56483699596483,23.35986561903073,12,9,0.2530372229195883,0.035195345721251395,0.5527930185818771,0.17026426458312513,0.2553963968746877,0.31360501964769505,0.37627686374931024,0.08776684921444411,0.6271281062488504
80,-125.84010641829505,139.7738648676643,-39.89353622714666,0,5403.219656943444,0.11634938494727398,0.26040093971265293,0.1488005369786589,-0.11497748563109723,0.04072630895078403,0.58833054705209,2160,0.7225312451190337,0.5980716070215814,1.5549861782561116,0.0,0.45864886324950915,0.48039211721862407,77.03388448413672,8.604009397126529,16,0.5306546312574713,-0.00742511766803132,0.13759465897485273,0.0,58.55386260330639,18.480021880830332,13,6,0.23354461574787758,0.0,0.5,0.17538884867587795,0.26308327301381695,-0.05474382794278393,0.39292648712191525,0.1384704820840017,0.6548774785365254
81,-133.75849484385367,147.37204113781308,-35.928810157434164,0,5029.436134667516,0.12023634125541875,0.3595784613637176,0.20547340649355297,-0.3542893188330327,-0.10602037613232497,0.6233704084929697,2160,0.7824092980700886,0.6726392613096076,1.7488620794049798,0.0,0.3885152555279597,0.4823778280604628,86.04655323009827,8.595784613637177,11,0.3399234856655656,-0.04603096949653577,0.11655457665838789,0.0,68.82212409975149,17.22442913034678,15,8,0.30109041152278576,0.0,0.5,0.17555132767956746,0.2633269915193512,-0.042132822977003506,0.38840000712705486,0.109461343336031,0.6473333452117581
82,-146.13768643900673,175.98041592858362,-14.293108231506952,0,4444.150055193522,0.1178781095281876,0.2651071608253425,0.15148980618591004,-0.12938456510078342,0.033354993665487144,0.6536426233266741,2160,0.7261078096251381,0.602369569102628,1.5661608796668327,0.0,0.38789282113575313,0.4616510327113533,99.85461857907498,7.651071608253425,16,0.32444439571841976,-0.009602957143529628,0.11636784634072593,0.0,86.19897427836028,13.655644300714698,6,9,0.2574288888165746,0.10181016038746067,0.652715240581191,0.1683348477852164,0.2525022716778246,0.1620384548998821,0.37855413397678694,0.11665038483041504,0.6309235566279783
83,-126.78893745068483,166.48657154449677,-62.83507623074222,0,5171.82885954258,0.11679413536877568,0.24205968741405987,0.1383198213794628,-0.0634140621878594,0.0725092360754729,0.5883672241765773,2160,0.7076533608622784,0.5803957915830433,1.5090290581159127,0.0,0.33697263292017104,0.46757739167703427,72.3784136668491,5.420596874140599,15,0.3799051152128392,0.0009095173887613495,0.10109178987605132,0.0,63.06498668874212,9.313426978106978,13,6,0.14584853423312294,0.04901859679805916,0.5735278951970888,0.17064786751714173,0.2559718012757126,0.25424047161644014,0.37727430907025794,0.1033807193255713,0.6287905151170966
84,35.44505593217729,-127.28639388590021,19.074578047682593,0,4311.605353997407,0.11521604566543107,0.32318665407927033,0.18467808804529737,-0.2655678553006579,-0.05426573599755651,0.43617377442747846,2160,0.7636976520028246,0.6487260375863976,1.6866876977246337,0.0,0.0,0.6629467346318794,107.42630545142048,10.231866540792703,14,0.6888182536377776,-0.03198335912982144,0.0,0.0,97.18715772839784,10.239147723022642,17,7,0.1431310399100087,0.0,0.5,0.24226406347742324,0.36339609521613486,0.06271225494106392,0.4338877275961693,0.0,0.7231462126602821
85,-144.97410278725133,-53.58857451285116,42.87874183521521,0,4311.1206529407345,0.11418973699302193,0.2779624901412772,0.15883570865215843,-0.15837613836622877,0.011940285824294702,0.4919866554170786,2160,0.7354234808786941,0.6136545435684572,1.5955018132779888,2.2182509573589115,0.0,0.6467755137601148,94.11358833653155,8.779624901412772,18,0.5309553955556302,-0.014643585254193407,0.0,0.0,77.85704703385488,16.25654130267667,9,6,0.19663859457095623,0.08322383105908178,0.6248357465886227,0.2365536677611077,0.3548305016416615,0.05293663750679202,0.42813982482994634,0.0,0.7135663747165772
86,4.640331200612517,31.54641150892076,61.654742389203776,0,4489.220174105714,0.11030702587387561,0.3327003755270014,0.19011450030114369,-0.27359836483518696,-0.06426268105135713,0.5649059552974158,2160,0.7688931980282976,0.6553085078608675,1.7038021204382554,0.0,0.0,0.8407439504970835,103.50795942576801,7.327003755270014,19,0.6521679470395135,-0.03378610458865441,0.0,0.0,82.22432015459658,21.283639271171428,15,7,0.30071055627171517,0.1977441058481978,0.7966161587722966,0.30847559078859754,0.4627133861828963,0.0617285281337495,0.49308881102209695,0.0,0.8218146850368283
87,34.234950172071535,237.89700663022427,9.175986882507395,0,4753.323649259781,0.1206577607706376,0.3383479895809309,0.1933417083319605,-0.3115145067030576,-0.07811112366556228,0.5468532240762435,2160,0.7718707456703475,0.6591006421533657,1.713661669598751,2.3073215724638994,0.3426068876930583,0.4674885917406943,77.95204821132637,10.383479895809309,12,0.2335980039581409,-0.038962563036861984,0.10278206630791749,0.0,64.80403043433296,13.148017776993417,14,7,0.24551847565188958,0.0,0.5,0.17007359869670244,0.25511039804505364,0.2666543242958194,0.3780924848466654,0.09776434581251435,0.630154141411109
88,169.35700029323363,43.45938824709826,63.923042163519256,0,4940.481715017031,0.11484786652940185,0.28153216014188887,0.1608755200810794,-0.16824264783971957,0.006460031011143863,0.6097265195428414,2160,0.7378988970082869,0.6166754168082913,1.6033560837015575,0.0,0.21754898449310006,0.590851540820568,127.58255690499686,12.815321601418889,14,0.580585423064107,-0.01617826168285757,0.06526469534793002,0.0,103.76239276165975,23.82016414333711,13,7,0.2961529217275729,0.06646853378780525,0.5997028006817079,0.2159832046585716,0.3239748069878574,0.01850038199306389,0.42283478042951667,0.06457155228786488,0.7047246340491945
89,33.451016268560195,-5.536097216778253,12.613827761690374,0,3997.893748734425,0.11276094311801625,0.39136980969939456,0.22363989125679692,-0.38879911276822,-0.13616057263770498,0.26021591102190844,2160,0.7964872932238611,0.6910146038806647,1.7966379700897284,0.0,0.0,0.8029507118462333,110.08565874605057,8.913698096993945,13,0.7051883720325586,-0.0524959685405925,0.0,0.0,94.39233677499189,15.693321971058682,11,6,0.2543291131514076,0.2334080648869584,0.8501120973304376,0.29401784087497423,0.4410267613124613,0.18793027829005426,0.4810546264589218,0.0,0.8017577107648697
90,17.895712841494017,13.496245140622435,36.79915598178067,0,4352.693465482407,0.11202147862355041,0.40108282755043967,0.2291901871716798,-0.40231731406721466,-0.14579219743297453,0.5957329932687446,2160,0.8004321950347942,0.6962242378511488,1.810183018412987,2.497259878074105,0.0,0.8382149629183617,113.36858842783583,9.010828275504396,17,0.6972583678787525,-0.05481095115001892,0.0,0.0,87.00751633465825,26.36107209317758,16,8,0.1823868812813125,0.034328469005346376,0.5514927035080196,0.3071165613021949,0.46067484195329234,0.018932043163621792,0.49218468382241826,0.0,0.8203078063706971
91,-36.352559248681644,205.28281022241765,42.47844209318076,0,4828.320788784224,0.11933179262982248,0.3622853344079994,0.2070201910902854,-0.35695924009897523,-0.10866891868105101,0.5942606094305838,2160,0.7836833821949822,0.6742885227030784,1.7531501590280039,0.0,0.36004373982543614,0.5144136802857824,86.98754495833,7.622853344079994,15,0.2634469486265505,-0.04656281587800262,0.10801312194763084,0.0,70.46907158074909,16.518473377580925,13,9,0.24687741833647098,0.04989691195790647,0.5748453679368597,0.18734970012777094,0.2810245501916564,0.094717685253644,0.40136167549901164,0.10128182133273116,0.668936125831686
92,-155.349633337398,-202.30104734032003,1.2996241619320443,0,4971.586121197237,0.12203046824479148,0.3580444455900172,0.2045968260514384,-0.35646255465563087,-0.10559322611255459,0.4967497427487554,2160,0.7816805749686849,0.6716971700055974,1.7464126420145532,0.0,0.4081349975370697,0.43920822351409755,128.18001300555133,11.580444455900171,19,0.5557031848201324,-0.04620557807681854,0.12244049926112091,0.0,115.55215506311691,12.627857942434419,9,10,0.21872529089846954,0.1031456314512113,0.6547184471768169,0.15960425385392252,0.23940638078088378,-0.050697798004613284,0.36903420401176473,0.11509135041370826,0.6150570066862746
93,-113.70012979640431,-115.11886161363265,10.800588988132361,0,4639.718298856215,0.11868084986498756,0.3973358405315712,0.22704905173232645,-0.4197275810962442,-0.1501926946555215,0.3845701435949653,2160,0.7989286275987747,0.694235468746,1.8050122187395998,0.0,0.16413612541332265,0.5878418928369623,85.32820403151281,10.973358405315713,13,0.6192223554804475,-0.056992027575176574,0.049240837623996794,0.0,65.7454982211954,19.58270581031741,18,11,0.35080743569777934,0.03452282125387647,0.5517842318808147,0.21420708450634485,0.32131062675951727,-0.09577445998251845,0.4173378601331963,0.045305737299613846,0.6955631002219939
94,62.238975745941595,-105.84651461700736,55.9540048467707,0,4641.350639536879,0.11513334046767595,0.3573460031304236,0.20419771607452783,-0.3349731093853191,-0.0987593218957769,0.3166064431635183,2160,0.7813471653506885,0.6712664339153019,1.7452927281797852,0.0,0.0,0.6988883192309596,113.16616595413205,9.573460031304236,16,0.4752158634295656,-0.0433732431281096,0.0,0.0,86.82016524290027,26.346000711231774,18,8,0.22192790618862993,0.21824000172685765,0.8273600025902865,0.2554157236503139,0.3831235854754709,0.0822648734454691,0.4468090230484025,0.0,0.7446817050806708
95,-51.55876803031889,-12.365223321832621,75.96978028215646,0,4096.543243233125,0.1119733955871131,0.3696819036226518,0.21124680207008675,-0.34840594768516225,-0.11067919958010083,0.6926803204553793,2160,0.7870899448569318,0.678711558368134,1.7646500517571484,0.0,0.0,0.817144850731766,108.32189409393595,9.696819036226518,15,0.7446786565677846,-0.04590851472652631,0.0,0.0,90.57912744259227,17.74276665134368,12,6,0.3183105649718128,0.06402054656726916,0.5960308198509038,0.29940839520581825,0.4491125928087274,0.20059826083259324,0.48584790420889135,0.0,0.809746507014819
96,-259.39266162435035,-92.36510035675617,97.12099396031653,0,4051.790909723315,0.12143847084459944,0.3658109393306146,0.20903482247463692,-0.3702615331620962,-0.11511507859007998,0.6214196614119121,2160,0.7853206278416234,0.6764118710013426,1.7586708646034908,0.0,0.2329976036663639,0.48876782432415644,65.50540477968724,6.658109393306146,15,0.6053194809630811,-0.048537661175217614,0.06989928109990917,0.0,49.20256483799768,16.30283994168957,18,12,0.24426814412040057,0.23960551464693294,0.8594082719703995,0.17770056457447236,0.26655084686170855,0.05816844371836575,0.38055555368764227,0.06541177641843338,0.6342592561460705
97,25.742477279298782,-143.7979732055887,-14.126209891709507,0,4376.413636706609,0.11949111339158772,0.4486819901020074,0.2563897086297185,-0.5062223747710818,-0.2064958937996852,0.3073402350685921,2160,0.8177450658050419,0.71940828374509,1.8704615377372342,0.0,0.145350393040515,0.5971832537658582,96.74758818282722,9.486819901020073,15,0.3230890084463014,-0.0712718268570767,0.0436051179121545,0.0,76.96400587740457,19.783582305422645,15,11,0.2091434495414976,0.050331151418973596,0.5754967271284603,0.21746587393895528,0.32619881090843295,0.2133833105668771,0.4195100275546198,0.03916131999215913,0.6991833792576997
98,-206.95699275025473,22.254735268068313,47.626555508942204,0,3900.45865485724,0.11977671478039303,0.3836892796232474,0.21925101692756999,-0.39903131902012096,-0.13551936066480955,0.42722566619381663,2160,0.7932557031698295,0.686766855240159,1.7855938236244135,0.0,0.2382452095870495,0.538495134555982,68.46261457025726,9.836892796232474,14,0.26315545784397265,-0.05345506796849305,0.07147356287611485,0.0,61.1612570329947,7.301357537262559,13,8,0.22304466106225562,0.1035668628947303,0.6553502943420955,0.19604830037969045,0.2940724505695357,-0.09562153377858323,0.4026816684027152,0.06623136210023242,0.6711361140045253
99,-14.094801764859696,-35.563807655892845,-44.1005655902966,0,4759.75020679399,0.11230101786160078,0.32714418403813017,0.18693953373607441,-0.2671192924606966,-0.05814794209891083,0.5850131304908388,2160,0.7658870148842453,0.6514945197757953,1.6938857514170678,0.0,0.04678359836689057,0.7470116038120742,91.23111854577434,11.271441840381302,14,0.5530689090951516,-0.03252672345596074,0.01403507951006717,0.0,78.57480990892837,12.656308636845957,15,10,0.2027056044558888,0.09212921104720521,0.6381938165708079,0.2736375924860729,0.41045638872910933,0.1378162498530707,0.46614112945367897,0.013445267915917937,0.7769018824227983
100,-109.32883586970378,-195.84522189797988,67.96596509366434,0,5511.094831319859,0.11487826980996563,0.2358725643042096,0.13478432245954838,-0.04430233357401023,0.08221378749658924,0.387698967120554,2160,0.7022680307123058,0.5740771830400675,1.4926006759041754,0.0,0.3145156849006935,0.5172049824603503,94.40992995640562,8.358725643042096,15,0.47762582536988596,0.003791145392257901,0.09435470547020804,0.0,67.85653836973637,26.553391586669246,10,9,0.26807220946983706,0.13620759375141112,0.7043113906271167,0.18905730892749853,0.2835859633912478,0.030998879868021453,0.399266429403187,0.0970432540893893,0.6654440490053117
101,200.49220395328328,14.519487846618565,51.35320444631323,0,4133.543274694141,0.11798007799223637,0.3323557187839922,0.18991755359085272,-0.2918921300575735,-0.06826224536788372,0.5547950255320436,2160,0.7687089688989156,0.6550743521341748,1.7031933155488543,0.0,0.11006906669379912,0.5714568290699032,93.95820489285484,6.323557187839922,16,0.4391293597133236,-0.03601543754254572,0.033020720008139735,0.0,68.33984294403655,25.618361948818283,17,9,0.20484882355470546,0.10470277970274974,0.6570541695541245,0.20835657524910234,0.3125348628736535,0.05550392736141566,0.4070509266165105,0.03152735814885305,0.6784182110275175
102,-125.35672404651037,-3.006246521416134,28.678872136376597,0,3690.328318918655,0.11659560821312995,0.39187071188425304,0.22392612107671606,-0.40289586056394966,-0.14136304157956583,0.6927476898339254,2160,0.7966945427246094,0.6912876316747646,1.797347842354388,0.0,0.01648870555779066,0.6748092242885965,97.75844399279488,10.91870711884253,15,0.6317224282377771,-0.05442589021435155,0.004946611667337198,0.0,99.80611823820092,-2.0476742454060464,17,6,0.25973134667463543,0.0,0.5,0.2463197521353108,0.3694796282029662,0.13560364460154686,0.4393833270277426,0.004564117786558472,0.7323055450462377
103,-121.18687679206886,-207.19610364943875,-37.40498178613707,0,5087.280875824148,0.12007217593729026,0.29709310969017716,0.16976749125152982,-0.21532386927417682,-0.017820000707942426,0.5317279040610476,2160,0.7481698937611314,0.629310412696241,1.6362070730102267,0.0,0.2187556510237382,0.46549517981619937,119.16477814111701,5.970931096901772,18,0.5242339104440183,-0.023314386998211926,0.06562669530712145,0.0,84.20642619262406,34.95835194849295,16,8,0.23143696464188038,0.015127215786542747,0.5226908236798141,0.1694301661878244,0.2541452492817366,0.11653929460555204,0.36776688070027846,0.06417808533014996,0.6129448011671308
104,15.208440501103302,-170.8447782475825,-29.44004978785264,0,3824.372655921622,0.11867793995706077,0.35181928230223836,0.20103958988699336,-0.3342251853348214,-0.09467504093900561,0.5021731077440048,2160,0.7786725712757289,0.667817777596831,1.7363262217517608,1.580034179316438,0.21927403756329747,0.544721247122728,95.64502451471903,5.518192823022384,13,0.4336384439671001,-0.042890022627382694,0.06578221126898924,0.0,84.19429010771105,11.450734407007966,11,7,0.2925803802615103,0.06076585610971354,0.5911487841645703,0.1984945802112813,0.29774187031692195,0.3083414447312658,0.40347340912241636,0.06206035191760439,0.6724556818706939
105,-232.87096868563998,8.18340034930616,-42.77226242407948,0,5017.503023376766,0.12280794729668809,0.39559781323046694,0.22605589327455253,-0.43117401962251894,-0.1533524682605006,0.6369815351822874,2160,0.7982234841833389,0.693304117291952,1.8025907049590753,0.0,0.4076049545333024,0.4418011906312386,113.96402477801169,10.955978132304669,13,0.26193071808764545,-0.058452648788301954,0.12228148635999073,0.0,93.49247240020556,20.47155237780613,13,7,0.21317734251317974,0.12455263444214734,0.686828951663221,0.1604434670520989,0.24066520057814833,0.19061761902396412,0.37003395841960085,0.11260937123897598,0.6167232640326681
106,-3.021128413554155,-135.91239056404206,39.95159969787392,0,4955.259128043545,0.11658515968425642,0.3800017242140521,0.21714384240802978,-0.38175825258916113,-0.12758240056103431,0.5218762777030003,2160,0.791667415020772,0.6846856642692045,1.7801827270999317,0.0,0.0,0.6704450884442227,136.98117188257558,9.800017242140521,16,0.463005123277927,-0.05093406531501954,0.0,0.0,118.06113423029383,18.920037652281746,16,6,0.24014512478023287,0.0,0.5,0.24472885106895056,0.36709327660342583,0.08222772007513307,0.4366958577559639,0.0,0.7278264295932733
107,92.15354866280869,234.85447040582636,51.316194109600914,0,4781.031240793076,0.12172449220704754,0.3850253119959101,0.22001446399766295,-0.4080124005021094,-0.13934821767531458,0.48914646995050837,2160,0.7938251931873542,0.6875141243592967,1.7875367233341715,0.0,0.27525576615715897,0.48510220069148174,108.37993419170212,8.8502531199591,15,0.35307893893682407,-0.0547360618177424,0.08257672984714769,0.0,94.32048215396244,14.059452037739668,14,9,0.28230741150153044,0.005847014024597308,0.508770521036896,0.17632623456228516,0.26448935184342776,0.14185264594752026,0.38166391343891476,0.07646580476007553,0.6361065223981913
108,7.280977811143849,17.07367746133555,12.643836977297617,0,3384.9060715527685,0.11039984458530144,0.3263360275178879,0.18647773001022172,-0.2609457833397387,-0.05611341426312718,0.5636537087783297,2160,0.7654432336338166,0.6509327269647385,1.69242509010832,0.0,0.0,0.8271994810086105,108.96818682642731,9.26336027517888,13,0.6576036742902518,-0.03170591976028659,0.0,0.0,78.03896510273024,30.92922172369706,13,7,0.2713628786426885,0.13175448760700462,0.6976317314105069,0.3034829841601264,0.45522447624018963,0.03979969468521979,0.4886570032555015,0.0,0.8144283387591692
109,-21.71257229454401,47.76655627669985,19.35043898561488,0,4559.380704000095,0.10976854610620794,0.26831122808979707,0.15332070176559834,-0.1285404646021233,0.02610783084419845,0.3702769912015891,2160,0.7284904928947231,0.6052434747613655,1.5736330343795504,0.0,0.0,0.7788454287638162,108.15964939926316,4.683112280897971,14,0.3774955081534327,-0.010243263375792485,0.0,0.0,101.4734776509355,6.686171748327661,13,6,0.27233847697324276,0.0,0.5,0.28589035239846544,0.42883552859769813,0.03288568529183731,0.4733812987994044,0.0,0.7889688313323406
110,9.196401323414303,17.01128163729546,-25.05526954039338,0,4009.8760154033484,0.10925066583051699,0.272115424311281,0.15549452817787487,-0.1373328984709681,0.020194323610817435,0.36304322974213155,2160,0.7312661785383338,0.6086021852868012,1.5823656817456833,0.0,0.0,0.7995682543792826,111.08495527934312,8.72115424311281,16,0.6382896719511486,-0.011713857486015066,0.0,0.0,92.9141992620306,18.170756017312513,16,6,0.2970985852906287,0.07948099412704177,0.6192214911905627,0.29362129250134883,0.44043193875202324,0.025989394449859843,0.479790263872469,0.0,0.7996504397874483
111,19.436010086321026,93.17372157602598,2.130907979462523,0,4523.9875432378,0.11270996235762878,0.28852815224751127,0.16487322985572073,-0.1820061943032366,-0.004164462477474742,0.546229951804508,2160,0.742618393489553,0.622460903072496,1.6183983479884898,0.0,0.14955710525354163,0.6726248582443763,106.48201261009686,6.885281522475113,13,0.657064589332202,-0.018617065678071136,0.04486713157606249,0.0,96.35742885422212,10.12458375587474,11,8,0.2197044031958769,0.13037642417960155,0.6955646362694023,0.24630648656169182,0.3694597298425377,0.11953406011961053,0.4483656962917917,0.04415495642146667,0.7472761604863195
112,2.2845674361350854,58.48141091700968,-19.389346278448244,0,3998.430689710453,0.11364115127010779,0.3585075543305059,0.20486145961743193,-0.33283337814393443,-0.09889963924246994,0.8106924718597147,2160,0.7819010852590729,0.6719821517436505,1.7471535945334913,1.6513109717417305,0.09926993576922784,0.7215997263016105,109.46288081078102,7.585075543305059,14,0.7214416582038434,-0.04317330173864044,0.02978098073076835,0.0,105.06206507177023,4.400815739010776,13,8,0.23073565468754648,0.2375802924064772,0.8563704386097158,0.26403886342471133,0.39605829513706703,0.061020920285185604,0.4616670186498087,0.027985933551631304,0.7694450310830145
113,-4.603866456686119,79.91534509100546,-18.10487771862157,0,4242.440073064972,0.11717464393728068,0.4839246526105778,0.27652837292033017,-0.5460084139464478,-0.23572781243760801,0.44247435492161874,2160,0.8287450280564015,0.7344157646755639,1.9094809881564663,0.0,0.15133874952792453,0.6806902325829752,101.72952521106237,8.839246526105779,13,0.5202078608223945,-0.07817362263840558,0.04540162485837736,0.0,88.05564456485797,13.673880646204402,17,5,0.2043332473927195,0.003890004354899626,0.5058350065323495,0.24834820234284166,0.3725223035142625,0.09613163099781788,0.4513027177596969,0.040184354811492046,0.7521711962661615
114,51.30038066013369,-115.49022358513346,47.96343038785859,0,4374.210871549959,0.115828894649773,0.37255954631357774,0.21289116932204444,-0.3657295434845059,-0.11794567715091726,0.5052383725865752,2160,0.7883864567331315,0.68040005661817,1.7690401472072421,0.0,0.11304878603445766,0.6654268474414899,89.30570621894752,5.725595463135777,14,0.5149532043953864,-0.04836752206354232,0.033914635810337296,0.0,70.56167447827225,18.744031740675272,15,6,0.2245387458418002,0.2709689495356523,0.9064534243034785,0.2430480421137667,0.36457206317065005,0.14737825396426188,0.4432379483016395,0.03161771317550657,0.7387299138360658
115,25.826030726667252,-112.63507964202098,35.56239641515339,0,5008.443956621,0.1152625240574834,0.3606693378202212,0.20609676446869787,-0.34171569731851925,-0.10297914139901394,0.48876676761560695,2160,0.7829245582673757,0.6733059228065568,1.7505953992970475,0.0,0.0794262564266677,0.6797174593198412,115.27002235246547,8.606693378202213,13,0.4029747453011231,-0.04446948387175332,0.02382787692800031,0.0,97.60562922319008,17.664393129275393,22,9,0.26674232251630414,0.2716787269037504,0.9075180903556256,0.2483831987257931,0.37257479808868965,0.028416985284457547,0.445800342761471,0.022363687872417676,0.7430005712691183
116,4.865031278073882,-80.9024622395113,34.07634136454336,0,4267.0988818103515,0.11189831465903964,0.2988566126823765,0.17077520724707232,-0.20470253088230042,-0.01913549490962351,0.7226870423074829,2160,0.7492833343604773,0.6306899696737976,1.639793921151874,0.0,0.004903872145362573,0.7444548534083663,100.84728524764265,7.988566126823765,15,0.7774990581391701,-0.022383802579192393,0.0014711616436087719,0.0,88.36184488927799,12.485440358364663,17,9,0.37508332244024223,0.0,0.5,0.27279096833250494,0.4091864524987574,-0.054580923267074005,0.46254811564237847,0.0014368541756316407,0.7709135260706308
117,55.438790595317116,-114.17200641665075,50.00772412134718,0,4445.777092054006,0.11642835104269599,0.39834913832039665,0.2276280790402267,-0.4134947958171181,-0.14847820841855047,0.5296106238738254,2160,0.7993374678302175,0.6947758559249683,1.8064172254049176,0.0,0.0,0.6892916079209752,103.96906332824315,7.983491383203966,13,0.6698675742910691,-0.056197300423566854,0.0,0.0,87.47362220449195,16.495441123751206,14,11,0.252535634202595,0.08634746078461165,0.6295211911769175,0.2516407175790478,0.37746107636857174,0.1700590633732436,0.44342629863020616,0.0,0.7390438310503437
118,45.17696739955353,-100.28296444894197,29.874823968532862,0,4436.063887079232,0.1137546755600004,0.3140293589881928,0.17944534799325307,-0.2423726146010338,-0.04102076431306473,0.42475015842685016,2160,0.7584712343965642,0.64214827436521,1.669585513349546,2.2040504571752466,0.0,0.7006461303373315,72.51496767199893,9.140293589881928,14,0.372297693253899,-0.028339337891409855,0.0,0.0,56.88455796258414,15.630409709414796,17,8,0.23340596169787065,0.0,0.5,0.25634792016326474,0.3845218802448971,0.26604155333857926,0.4472771651340679,0.0,0.7454619418901132
119,92.2058296693551,-137.87996523638373,36.26262037791317,0,4154.157465609013,0.11770497933924488,0.36859038763961566,0.21062307865120897,-0.3641733123331449,-0.11500516779851301,0.7149171342456913,2160,0.7865940005647145,0.6780664191655651,1.7629726898304694,0.0,0.019753355408290263,0.6240422495613445,101.30366337067309,10.685903876396157,20,0.3761941920528116,-0.047917848013165794,0.0059260066224870785,0.0,78.58152601719739,22.7221373534757,14,7,0.2392322092747811,0.11335316964073114,0.6700297544610967,0.22758103579710762,0.3413715536956614,0.03039407690366494,0.42105352472823726,0.005536884030636961,0.7017558745470621
